{
  "providers": [
    {
      "type": "space",
      "advances": {
        "\uE001": -1,
        "\uE002": -2,
        "\uE003": -3,
        "\uE004": -4,
        "\uE005": -5,
        "\uE006": -6,
        "\uE007": -7,
        "\uE008": -8,
        "\uF008": 8
      }
    },
    {
      "type": "bitmap",
      "file": "chatheads:font/pixel.png",
      "ascent": 7,
      "height": 8,
      "chars": ["\uF810"]
    },
    {
      "type": "bitmap",
      "file": "chatheads:font/pixel.png",
      "ascent": 6,
      "height": 8,
      "chars": ["\uF811"]
    },
    {
      "type": "bitmap",
      "file": "chatheads:font/pixel.png",
      "ascent": 5,
      "height": 8,
      "chars": ["\uF812"]
    },
    {
      "type": "bitmap",
      "file": "chatheads:font/pixel.png",
      "ascent": 4,
      "height": 8,
      "chars": ["\uF813"]
    },
    {
      "type": "bitmap",
      "file": "chatheads:font/pixel.png",
      "ascent": 3,
      "height": 8,
      "chars": ["\uF814"]
    },
    {
      "type": "bitmap",
      "file": "chatheads:font/pixel.png",
      "ascent": 2,
      "height": 8,
      "chars": ["\uF815"]
    },
    {
      "type": "bitmap",
      "file": "chatheads:font/pixel.png",
      "ascent": 1,
      "height": 8,
      "chars": ["\uF816"]
    },
    {
      "type": "bitmap",
      "file": "chatheads:font/pixel.png",
      "ascent": 0,
      "height": 8,
      "chars": ["\uF817"]
    }
  ]
}
